query,rank,language,url,title,snippet
"""Argument-dependent name lookup""",1,en,https://en.wikipedia.org/wiki/Argument-dependent_name_lookup,Argument-dependent name lookup - Wikipedia,"In the C++ programming language, argument-dependent lookup (ADL), or argument-dependent name lookup, applies to the lookup of an unqualified function name depending on the types of the..."
"""Argument-dependent name lookup""",2,en,https://docs.microsoft.com/en-us/cpp/cpp/argument-dependent-name-koenig-lookup-on-functions?view=vs-2019,Argument-Dependent Name (Koenig) Lookup on... | Microsoft Docs,"The compiler can use argument-dependent name lookup to find the definition of an unqualified function call. Argument-dependent name lookup is also called Koenig lookup. The type of every argument in a function call is defined within a hierarchy of namespaces, classes, structures, unions..."
"""Argument-dependent name lookup""",3,tr,https://tr.qwerty.wiki/wiki/Argument-dependent_name_lookup,Argüman bağımlı ad arama - Argument-dependent name lookup,hangi normal arama sırasında çözebilirsiniz. Örneğin Ancak düşünün const char * aşırı operator<< bir üye olmayan fonksiyonudur std ad ve böylece doğru bir arama için ADL gerektirir: /* will print the provided char string as expected using ADL derived from the argument type std::cout */ operator...
"""Argument-dependent name lookup""",4,en,https://hyperleap.com/topic/Argument-dependent_name_lookup,Argument-dependent name lookup,"argument-dependent lookupArgument dependent name lookup criticism. In the C++ programming language, argument-dependent lookup (ADL), or argument-dependent name lookup, applies to the lookup of an unqualified function name depending on the types of the arguments given to the..."
"""Argument-dependent name lookup""",5,en,https://asfernandes.github.io/2014/11/18/c-argument-dependent-name-lookup.html,C++: Argument-dependent name lookup,"C++: Argument-dependent name lookup. Posted on November 18, 2014 in c++. Sometimes C++ still surprises me. If you think it's wrong and causes a compiler error, you're wrong. The function ""f1"" is not in the scope of ""main"", but its argument has a type of the same namespace, causing the function..."
"""Argument-dependent name lookup""",6,en,https://www.semanticscholar.org/topic/Argument-dependent-name-lookup/7253778,Argument-dependent name lookup - Semantic Scholar,"In the C++ programming language, argument-dependent lookup (ADL), or argument-dependent name lookup, applies to the lookup of an unqualified function name depending on the types of the arguments given to the function call. This behavior is also known as Koenig lookup..."
"""Argument-dependent name lookup""",7,en,https://www.wikiwand.com/en/Argument-dependent_name_lookup,Argument-dependent name lookup - Wikiwand,"During argument-dependent lookup, other namespaces not considered during normal lookup may be searched where the set of namespaces to be searched depends Specifically, the set of declarations discovered during the ADL process, and considered for resolution of the function name, is the union..."
"""Argument-dependent name lookup""",8,en,https://bytefreaks.net/tag/argument-dependent-name-lookup,Argument-dependent name lookup - Bytefreaks.net,"Argument-dependent name lookup, applies to the lookup of an unqualified function name depending on the types of the arguments given to the function call."
"""Argument-dependent name lookup""",9,en,https://en.glosbe.com/en/en/argument-dependent%20name%20lookup,argument-dependent name lookup - definition - English,"Example sentences with ""argument-dependent name lookup"", translation memory. Showing page 1. Found 0 sentences matching phrase ""argument-dependent name lookup"".Found in 0 ms. Translation memories are created by human, but computer aligned, which might cause mistakes."
"""Argument-dependent name lookup""",10,en,https://WikiMili.com/en/Argument-dependent_name_lookup,"Argument-dependent name lookup - WikiMili, The Free Encyclopedia","Argument-dependent name lookup. Last updated August 27, 2019. Programming languages are used in computer programming to implement algorithms. In programming languages, name resolution is the resolution of the tokens within program expressions to the intended program components."
"""Argument-dependent name lookup""",11,en,https://wikipedie.info/en/wiki/Argument-dependent_name_lookup,Argument-dependent name lookup - Wiki,"In the C++ programming language, argument-dependent lookup (ADL), or argument-dependent name lookup,[1] applies to the lookup of an unqualified function name. This set of associated namespaces is included for resolving a function call lookup with an argument of type T."
"""Argument-dependent name lookup""",12,en,https://gcc.gnu.org/bugzilla/show_bug.cgi?id=21615,21615 - Argument-dependent name lookup associated namespace...,GCC Bugzilla - Bug 21615 Argument-dependent name lookup associated namespace search bug Last modified: 2006-07-25 14:23:44 UTC.
"""Argument-dependent name lookup""",13,en,https://qiita.com/kaizen_nagoya/items/076505c5292aabbdfe2c,C++ / argument dependent lookup - Qiita,6.4.2 Argument-dependent name lookup. p.38. Let X be the lookup set produced by unqualified lookup (6.4.1) and let Y be the lookup set produced by argument dependent lookup (defined as follows).
"""Argument-dependent name lookup""",14,en,http://dictionary.sensagent.com/Argument_dependent_name_lookup/en-en/,Argument_dependent_name_lookup : definition of...,"Wikipedia. Argument-dependent name lookup. In the C++ programming language, argument-dependent lookup (ADL), or argument-dependent name lookup,[1] applies to the lookup of an unqualified function name depending on the types of the arguments given to the function call."
"""Argument-dependent name lookup""",15,en,https://docs.microsoft.com/en-us/cpp/cpp/argument-dependent-name-koenig-lookup-on-functions,Argument-Dependent Name (Koenig) Lookup on Functions ...,"The compiler can use argument-dependent name lookup to find the definition of an unqualified function call. Argument-dependent name lookup is also called Koenig lookup. The type of every argument in a function call is defined within a hierarchy of namespaces, classes, structures, unions, or templates."
"""Argument-dependent name lookup""",16,en,https://en.wikipedia.org/wiki/Talk:Argument-dependent_name_lookup,Talk:Argument-dependent name lookup - Wikipedia,"Move page? As Koenig lookup is the colloqual name for what the C++ standard calls argument dependent name lookup, should the page moved from Koenig lookup to argument dependent name lookup and Koenig lookup turned into a redirect? —Tobias Bergemann 08:58, 12 February 2006 (UTC) Yes. —Ben FrantzDale 23:01, 25 September 2006 (UTC)"
"""Argument-dependent name lookup""",17,en,https://ipfs.io/ipfs/QmXoypizjW3WknFiJnKLwHCnL72vedxjQkDDP1mXWo6uco/wiki/Argument-dependent_name_lookup.html,Argument-dependent name lookup - ipfs.io,"In the C++ programming language, argument-dependent lookup (ADL), or argument-dependent name lookup, [1] applies to the lookup of an unqualified function name depending on the types of the arguments given to the function call.This behavior is also known as Koenig lookup, as it is often attributed to Andrew Koenig, though he is not its inventor."
"""Argument-dependent name lookup""",18,en,https://en.wikipedia.org/wiki/ADL,ADL - Wikipedia,"Action description language, a formal language for automatic planning systems; Adventure Definition Language; Archetype definition language, as used in openEHR archetypes; Architecture description language, a formal language for architecture description and representation; Argument-dependent name lookup, a lookup for function names in the C++ programming language"
"""Argument-dependent name lookup""",19,ja,https://prettysoft.hatenablog.com/entry/20101128/1497356882,C++ の名前解決 - プログラミングの教科書を置いておくところ,はじめに 標準を読むと C++ の名前解決の決まりについて細かく規定されているのがわかると思いますが、ここではその詳細な検索の順番や個別規則の詳細などについては説明しませんここでは直観的でない2つの決まりについて説明します 一つは一般の名前解決での「Argument-dependent name lookup」と ...
"""Argument-dependent name lookup""",20,en,https://asfernandes.blogspot.com/2014/11/c-argument-dependent-name-lookup.html,asfernandes: C++: Argument-dependent name lookup,This rule is called Argument-dependent name lookup (or Koenig lookup) and it is also very necessary in relation to operators. ...
"""Argument-dependent name lookup""",21,en,https://bytes.com/topic/c/answers/60727-namespace-operator,namespace and operator== - C / C++ - Byte,"Read about argument-dependent name lookup. Sometimes it is also referred to as Koenig lookup.--Best regards, Andrey Tarasevich Brainbench C and C++ Programming MVP. Jul 19 '05 #3. This discussion thread is closed. Start new discussion. Replies have been disabled for this discussion. ..."
"""Binary tree""",1,en,https://en.wikipedia.org/wiki/Binary_tree,Binary tree - Wikipedia,"In computer science, a binary tree is a tree data structure in which each node has at most two children, which are referred to as the left child and the right child. A recursive definition using just set theory notions is that a (non-empty) binary tree is a tuple (L, S, R)..."
"""Binary tree""",2,en,https://www.binarytree.com/,Powering Enterprise Transformations | Binary Tree,"At Binary Tree, we power enterprise transformations. Our award-winning software and services help enterprises modernize their Microsoft email, directories, and applications by moving and integrating..."
"""Binary tree""",3,en,https://www.geeksforgeeks.org/binary-tree-set-1-introduction/,Binary Tree | Set 1 (Introduction) - GeeksforGeeks,Binary Tree: A tree whose elements have at most 2 children is called a binary tree. Binary Tree Representation in C: A tree is represented by a pointer to the topmost node in tree.
"""Binary tree""",4,en,https://www.geeksforgeeks.org/binary-tree-data-structure/,Binary Tree Data Structure - GeeksforGeeks,"A tree whose elements have at most 2 children is called a binary tree. Since each element in a binary tree can have only 2 children, we typically name them the left and right child."
"""Binary tree""",5,en,https://www.cs.cmu.edu/~adamchik/15-121/lectures/Trees/trees.html,Binary Trees,"A binary tree is made of nodes, where each node contains a ""left"" reference, a ""right"" reference, and Every node (excluding a root) in a tree is connected by a directed edge from exactly one other node."
"""Binary tree""",6,en,https://stackoverflow.com/questions/6380231/difference-between-binary-tree-and-binary-search-tree,data structures - Difference between binary tree and... - Stack Overflow,"A binary tree is made of nodes, where each node contains a ""left"" pointer, a ""right"" pointer, and a As everybody above has explained about the difference between binary tree and binary search tree, i..."
"""Binary tree""",7,en,https://www.includehelp.com/data-structure-tutorial/binary-tree-definition-and-its-properties.aspx,"Binary tree, Definition and its properties - IncludeHelp",How binary tree is different from general tree? A binary tree is a finite set of nodes that is either empty or consist a root node and two disjoint binary trees called the left subtree and the right subtree.
"""Binary tree""",8,en,https://www.differencebetween.com/difference-between-complete-binary-tree-and-vs-full-binary-tree/,Difference Between Complete Binary Tree... - DifferenceBetween.com,"Complete Binary Tree vs Full Binary Tree. Binary tree is a tree where each node has one or two children. In a binary tree, a node cannot have more than two children."
"""Binary tree""",9,en,https://www.javatpoint.com/binary-tree,Binary Tree - javatpoint,"Binary Tree with Introduction, Asymptotic Analysis, Array, Pointer, Structure, Singly Linked List, Doubly Linked List, Circular Linked List Binary tree is generally partitioned into three disjoint subsets."
"""Binary tree""",10,en,https://techdifferences.com/difference-between-b-tree-and-binary-tree.html,Difference Between B-tree and Binary tree... - Tech Differences,B-tree and Binary tree are the types of non-linear data structure. Although the terms seem to be similar but are different in all aspects. A binary tree is used when the records or data is stored in the RAM...
"""Binary tree""",11,en,https://wiki2.org/en/Binary_tree,Binary tree — Wikipedia Republished // WIKI 2,"Binary tree. From Wikipedia, the free encyclopedia. A labeled binary tree of size 9 and height 3, with a root node whose value is 2. The above tree is unbalanced and not sorted."
"""Binary tree""",12,en,https://www.gatevidyalay.com/binary-tree-types-of-trees-in-data-structure/,Binary Tree | Types of Binary Trees | Gate Vidyalay,"Binary tree is a special tree data structure in which each node can have at most 2 children. Thus, in a binary tree, Each node has either 0 child or 1 child or 2 children."
"""Binary tree""",13,en,https://www.conservapedia.com/Binary_tree,Binary tree - Conservapedia,"The binary tree is the simplest, and most commonly used, form of tree. A binary tree differs from other trees (such as a B3 tree) in that each node only has two links to other nodes. By convention, these links are called the left and right links."
"""Binary tree""",14,en,https://www.cs.bu.edu/teaching/c/tree/binary/,Binary Tree,"A tree whose elements have at most 2 children is called a binary tree. Since each element in a binary tree can have only 2 children, we typically name them the left and right child."
"""Binary tree""",15,en,https://www.wisegeek.com/what-is-a-binary-tree.htm,What Is a Binary Tree?,"A binary tree is a type of data structure used in computer programming to store, sort, and access A typical implementation of a binary tree relies on a root node linked to a series of nodes that make up..."
"""Binary tree""",16,en,https://www.quora.com/What-is-the-difference-between-a-binary-tree-and-a-binary-search-tree?share=1,What is the difference between a binary tree and a binary... - Quora,"1.> Binary Tree : In a binary tree, each node can have a maximum of 2 child nodes, and there is no ordering in terms of how the nodes are organised in the binary tree."
"""Binary tree""",17,en,https://www.interviewcake.com/concept/java/binary-tree,Binary Tree Data Structure | Interview Cake,A binary tree is a tree where every node has two or fewer children. The children are usually called left and right. That particular example is special because every level of the tree is completely full.
"""Binary tree""",18,en,https://howlingpixel.com/i-en/Binary_tree,Binary tree - Howling Pixel,"In computer science , a binary tree is a tree data structure in which each node has at most two children , which are [3] A binary tree may thus be also called a bifurcating arborescence [3] —a term which..."
"""Binary tree""",19,en,http://cslibrary.stanford.edu/110/BinaryTrees.html,Binary Trees,"A ""binary search tree"" (BST) or ""ordered binary tree"" is a type of binary tree where the nodes are arranged in order: for each node, all elements in its left subtree are less-or-equal to the node (<=), and..."
"""Binary tree""",20,en,http://mishadoff.com/blog/dfs-on-binary-tree-array/,DFS on Binary Tree Array,DFS for Binary Tree Array (without stack and recursion). Binary Tree Array is a nice trick to represent hierarchical data structure as a static array (contiguous region in the memory).
"""Binary tree""",21,en,https://www.baeldung.com/java-binary-tree,Implementing a Binary Tree in Java | Baeldung,"1. Introduction. In this article, we'll cover the implementation of a binary tree in Java. For the sake of this article, we'll use a sorted binary tree that will contain int values . 2. Binary Tree."
"""Binary tree""",22,en,http://faculty.cs.niu.edu/~mcmahon/CS241/Notes/bintree.html,Binary Tree Overview,"Formal Definition of a Binary Tree. A binary tree consists of a finite set of nodes that is either empty, or consists of one specially designated node called the root of the binary tree, and the elements of..."
"""Binary tree""",23,en,https://delphi.fandom.com/wiki/Binary_tree_sort,Binary tree sort | Delphi Programming | FANDOM powered by Wikia,"There are a number of different types of binary trees. They basically all follow the the pattern of having a data payload (an integer for instance), a left child pointer and a right child pointer as illustrated by: The various types of trees are: Basic binary tree : Basic Binary Tree."
"""Binary tree""",24,en,https://codepumpkin.com/binary-tree-types-introduction/,Types of Binary Tree | Binary Tree Introduction | Code Pumpkin,"Binary Tree is a special type of Tree data structure in which no node can have more than two children. Typically these children are described as ""left child"" and ""right child"" of the parent node."
"""Binary tree""",25,en,https://www.thecrazyprogrammer.com/2013/12/c-program-to-create-binary-tree-using-recursion.html,Binary Tree in C Using Recursion - The Crazy Programmer,A tree is said to be a binary tree if each node of the tree can have maximum of two children. One child is called left child and the other is called right child. An example of binary tree is shown in below...
"""Binary-to-text encoding""",1,en,https://en.wikipedia.org/wiki/Binary-to-text_encoding,Binary-to-text encoding - Wikipedia,"A binary-to-text encoding is encoding of data in plain text. More precisely, it is an encoding of binary data in a sequence of printable characters."
"""Binary-to-text encoding""",2,en,https://en.wikipedia.org/wiki/Category:Binary-to-text_encoding_formats,Category:Binary-to-text encoding formats - Wikipedia,"Category:Binary-to-text encoding formats. From Wikipedia, the free encyclopedia. Jump to navigation Jump to search. Pages in category ""Binary-to-text encoding formats"". The following 16 pages are in this category, out of 16 total. This list may not reflect recent changes (learn more)."
"""Binary-to-text encoding""",3,en,https://howlingpixel.com/i-en/Binary-to-text_encoding,Binary-to-text encoding - Howling Pixel,"Common to all binary-to-text encoding schemes, Base64 is designed to carry data stored in binary formats across channels that only reliably support text content. Base64 is particularly prevalent on the World Wide Web where its uses include the ability to embed image files or other binary assets inside..."
"""Binary-to-text encoding""",4,en,https://med.academic.ru/dic.nsf/enwiki/1549273,Binary-to-text encoding,"A binary-to-text encoding is encoding of data in plain text. By using a binary-to-text encoding on messages that are already plain text, then decoding on the other end, one can make such systems appear to be completely transparent.This is sometimes referred to as 'ASCII armoring'."
"""Binary-to-text encoding""",5,en,https://softwareengineering.stackexchange.com/q/285422,Are hex dump and binary-to-text encoding related or different things?,Binary-to-text encoding is to represent binary data as characters. Hex dump of binary files seem also do the same for reading binary files. I think taking a look at some of the examples of binary-to-text encoding may help clear this up.
"""Binary-to-text encoding""",6,error,https://ru.glosbe.com/en/ru/binary-to-text%20encoding,ru.glosbe.com/en/ru/binary-to-text encoding,
"""Binary-to-text encoding""",7,en,https://countwordsfree.com/text-encode,Encode and decode text and strings | Why to encode strings and urls,"Strings and any text encoding and decoding, url encoding and base64 algorithms. Let's start from the traditional declaration of what actually base64 stands for? The answer is: ""Base64 is a group of similar binary-to-text encoding schemes that represent binary data in an ASCII string format by..."
"""Binary-to-text encoding""",8,en,https://github.com/ademarre/binary-to-text-php,ademarre/binary-to-text-php: Collection of binary-to-text encoding...,"Binary-to-text encoding is usually used to represent data in a notation that is safe for transport over text-based protocols, and there are several other practical uses. See the examples below. Basic Base2n Usage. With Base2n, you define your encoding scheme parametrically."
"""Binary-to-text encoding""",9,en,https://hyperleap.com/topic/Binary-to-text_encoding,Binary-to-text encoding,"A binary-to-text encoding is encoding of data in plain text.wikipedia. PGP documentation uses the term ASCII armor for binary-to-text encoding when referring to Base64. Some other encodings (base64, uuencoding) are based on mapping all possible sequences of six bits into different printable..."
"""Binary-to-text encoding""",10,en,http://temp.crypo.com/binary2ascii.htm,Binary to ASCII (Text) Conversion A binary-to-text encoding is...,"A binary-to-text encoding is encoding of data in plain text. The ASCII text-encoding standard uses 128 unique values (0-127) to represent the alphabetic, numeric, and punctuation characters commonly used in English, plus a selection of control codes which do not represent printable..."
"""Binary-to-text encoding""",11,en,https://itlaw.wikia.org/wiki/Binary-to-text_encoding,Binary-to-text encoding | The IT Law Wiki | FANDOM powered by Wikia,"Binary-to-text encoding is encoding of data in plain text. More precisely, it is an encoding of binary data in a sequence of ASCII-printable characters. These encodings are necessary for transmission of data when the channel or the protocol only allows ASCII-printable characters, such as e-mail or usenet."
"""Binary-to-text encoding""",12,en,https://www.semanticscholar.org/topic/Binary-to-text-encoding/3174440,Binary-to-text encoding - Semantic Scholar,"A binary-to-text encoding is encoding of data in plain text. More precisely, it is an encoding of binary data in a sequence of characters. These encodings are necessary for transmission of data when the channel does not allow binary data (such as email or NNTP) or is not 8-bit clean."
"""Binary-to-text encoding""",13,en,https://fileformats.fandom.com/wiki/Category:Binary-to-text_encoding_formats,Category:Binary-to-text encoding formats | File Formats Wiki,Character encoding. Binary-to-text encoding formats. Category page.
"""Binary-to-text encoding""",14,en,http://freesourcecode.net/socialtags/binary-text-encoding,Binary-to-text encoding projects and source code | download...,Binary-to-text encoding. Base64 encoding in c. The following C project contains the C source code and C examples used for base64 encoding. This is a very simple applcation for Base64 enscription where i have used MFC for interfacing and very simple base64 encoding class.
"""Binary-to-text encoding""",15,en,https://www.babylon-software.com/definition/Binary-to-text%20encoding/,Binary-to-text encoding- Free definitions by Babylon,"A binary-to-text encoding is encoding of data in plain text. More precisely, it is an encoding of binary data in a sequence of characters. These encodings are necessary for transmission of data when the channel does not allow binary data (such as email or NNTP) or is not 8-bit clean."
"""Binary-to-text encoding""",16,en,https://jquery.devhelping.com/article/17061216/Binary+to+text+encoding+on+Array,Binary to text encoding on Array - encoding,String msg = f(arr); It's only given that f is a binary-to-text encoding function. How do I get the string. Use of regex on iso-2022-jp encoding with Python DotNetZip and Vietnamese Characters in Contents BrowserWindow.Launch NOT decode string How to read packet sizes in Opus file?
"""Binary-to-text encoding""",17,en,https://www.wikiwand.com/en/Binary-to-text_encoding,Binary-to-text encoding - Wikiwand,"Binary-to-text encoding. Introduction. Description. Thank you for helping! Your input will affect cover photo selection, along with input from other users. Listen to this article. Thanks for reporting this video!"
"""Binary-to-text encoding""",18,en,https://everipedia.org/wiki/lang_en/Binary-to-text_encoding,Binary-to-text encoding | Wiki | Everipedia,"A binary-to-text encoding is encoding of data in plain text. The ASCII text-encoding standard uses 128 unique values (0-127) to represent the alphabetic, numeric, and punctuation characters commonly used in English, plus a selection of control codes which do not represent printable..."
"""Binary-to-text encoding""",19,en,https://wikivisually.com/wiki/Binary-to-text_encoding,Binary-to-text encoding - WikiVisually,"Binary-to-text encoding. From Wikipedia, the free encyclopedia. Jump to navigation Jump to search. 5 References. Description[edit]. The ASCII text-encoding standard uses 128 unique values (0-127) to represent the alphabetic, numeric, and punctuation characters commonly used in English..."
"""Binary-to-text encoding""",20,en,https://www.turkaramamotoru.com/en/binary-to-text-encoding-1260370.html,Binary-to-text encoding,"Binary-to-text encoding, A binary-to-text encoding is encoding of data in plain text More precisely, it is an encoding of binary data in a sequence of printable The ASCII text-encoding standard uses 128 unique values 0-127 to represent the alphabetic, numeric, and punctuation characters commonly..."
"""Binary-to-text encoding""",21,en,https://www.board4all.biz/threads/binary-to-text-encoding-basencoding.630552/,binary-to-text encoding - BaseNcoding- | Board4All,"Idea of developed algorithm is based on base85 encoding, except that block size is not constant, but is calculated depending on alphabet length."
"""Binary-to-text encoding""",22,en,https://libraries.io/github/ademarre/binary-to-text-php,ademarre/binary-to-text-php - Libraries.io,"Binary-to-text encoding is usually used to represent data in a notation that is safe for transport over text-based protocols, and there are several other practical uses. See the examples below. Basic Base2n Usage. With Base2n, you define your encoding scheme parametrically."
"""Binary-to-text encoding""",23,en,http://dictionary.sensagent.com/binary%20to%20text%20encoding/en-en/,binary to text encoding : definition of binary to text ...,"A binary-to-text encoding is encoding of data in plain text.More precisely, it is an encoding of binary data in a sequence of ASCII-printable characters.These encodings are necessary for transmission of data when the channel or the protocol only allows ASCII-printable characters, such as e-mail or usenet."
"""Binary-to-text encoding""",24,en,https://www.base64code.com/knowledgebase/binary-to-text-encoding/,Binary-to-text encoding - base64code.com,"A binary-to-text encoding is encoding of data in plain text. More precisely, it is an encoding of binary data in a sequence of printable characters. These encodings are necessary for transmission of data when the channel does not allow binary data (such as email or NNTP) or is not 8-bit clean. ..."
"""Binary-to-text encoding""",25,en,http://brandon.si/code/choosing-a-binary-to-text-encoding/,Choosing a Binary-to-text Encoding - Brandon.Si(mmons),"I had an occasion to think about text-friendly binary encoding schemes for the first time at work. The obvious choice is Base64, but my immediate subsequent thought was ""there must be something much more efficient for our purposes"", and a quick google led here in which OP echos the same feeling: ..."
"""Self-balancing binary search tree""",1,en,https://en.wikipedia.org/wiki/Self-balancing_binary_search_tree,Self-balancing binary search tree - Wikipedia,"In computer science, a self-balancing (or height-balanced) binary search tree is any node-based binary search tree that automatically keeps its height (maximal number of levels below the root)..."
"""Self-balancing binary search tree""",2,en,https://www.youtube.com/watch?v=5EjKTJLqgtw,Self-balancing binary search tree - YouTube,"In computer science, a self-balancing (or height-balanced) binary search tree is any node-based binary search tree that automatically keeps its height..."
"""Self-balancing binary search tree""",3,en,https://www.youtube.com/watch?v=bDa1-IysGZQ,Self-balancing binary search tree - YouTube,"In computer science, a self-balancing (or height-balanced) binary search tree is any node-based binary search tree that automatically keeps its height (maximal number of levels below the root) small in the face of arbitrary item insertions and deletions.These structures provide efficient implementations..."
"""Self-balancing binary search tree""",4,en,https://stackoverflow.com/questions/30713269/why-would-one-use-a-heap-over-a-self-balancing-binary-search-tree,Why would one use a heap over a self balancing binary search tree?,"Whatever a heap can do can also be done by a self-balancing binary search tree like an AVL tree. The most common use of heap is to find the minimum (or It really depends on the type of heap, but typically they are far less strict than an AVL because they don't have to worry about auto balancing..."
"""Self-balancing binary search tree""",5,en,https://www.hackerrank.com/challenges/self-balancing-tree,Insert values in a self balancing binary search tree. | HackerRank,"An AVL tree (Georgy Adelson-Velsky and Landis' tree, named after the inventors) is a self-balancing binary search tree. In an AVL tree, the heights of the two child subtrees of any node differ by at most one; if at any time they differ by more than one, rebalancing is done to restore this property."
"""Self-balancing binary search tree""",6,en,https://www.techopedia.com/definition/17845/self-balancing-binary-search-tree,What is a Self-Balancing Binary Search Tree?,"A self-balancing binary search tree is a type of data structure that self-adjusts to provide consistent levels of node access. A binary search tree in general provides a data structure with one node at the top, and either one or two nodes connected to it on each subsequent level."
"""Self-balancing binary search tree""",7,en,https://www.cpp.edu/~ftang/courses/CS241/notes/self%20balance%20bst.htm,CS241 -- Lecture Notes: Self-Balancing Binary Search Tree,"Self-balancing binary trees solve this problem by performing transformations on the tree at key times, in order to reduce the height. Insertion, deletion, and search require worst-case time proportional to the height of the tree, the theoretical upper bound on the height allows RB-trees to be efficient in the..."
"""Self-balancing binary search tree""",8,en,https://cs.stackexchange.com/q/109079,Self-balancing binary search tree optimized for insertion,"Compared to a self-balancing BST, Quicksort will always require more comparisons, but because each consecutive comparison is against a single item (the partition item), the brain doesn't need to make much of a context switch and can answer the questions quicker. The binary search tree will present..."
"""Self-balancing binary search tree""",9,en,https://www.semanticscholar.org/topic/Self-balancing-binary-search-tree/243018,Self-balancing binary search tree - Semantic Scholar,"In computer science, a self-balancing (or height-balanced) binary search tree is any node-based binary search tree that automatically keeps its height (maximal number of We propose a concurrent relaxed balance AVL tree algorithm that is fast, scales well, and tolerates contention. It is based on…"
"""Self-balancing binary search tree""",10,en,https://www.quora.com/What-is-difference-between-self-balanced-binary-search-tree-and-AVL-tree?share=1,What is difference between self balanced binary search tree... - Quora,A self-balancing (or height-balanced) binary search tree is any node-based binary search tree that automatically keeps its height (maximal number of levels below the root) small in the face of arbitrary item insertions and deletions. Self-balancing binary search tree (About other self balancing tree).
"""Self-balancing binary search tree""",11,en,https://hyperleap.com/topic/Self-balancing_binary_search_tree,Self-balancing binary search tree,"Alternatively, when a self-balancing binary search tree is used, insertion and removal also take O(log n) time, although building trees from existing sequences of elements takes O(n log n) time; this is typical where one might already have access to these data structures, such as with third-party or standard..."
"""Self-balancing binary search tree""",12,en,http://www.netipedia.com/index.php/Self-balancing_binary_search_tree,Self-balancing binary search tree - Free net encyclopedia,"Self-balancing binary search trees can be used in a natural way to construct associative arrays; key-value pairs are simply inserted For example, if binary tree sort is done with a BST, we have a very simple-to-describe yet asymptotically optimal O(n log n) sorting algorithm (although such an algorithm..."
"""Self-balancing binary search tree""",13,en,https://www.cs.oberlin.edu/~jwalker/tree/,Self-Balancing Binary Search Tree,"Self-Balancing Binary Search Tree. by, Jeff Walker. Although it was assumed the major challenge would be finding a measure of balance and representing that in the tree, it was in fact more difficult to develop a proper set of relations between types of trees and their methods."
"""Self-balancing binary search tree""",14,en,https://encyclopedia2.thefreedictionary.com/Self-balancing+binary+search+tree,Self-balancing binary search tree | Article about Self-balancing...,Find out information about Self-balancing binary search tree. An optimisation of a tree which aims to keep equal numbers of items on each subtree of each node so as to minimise the maximum path from the root to any...
"""Self-balancing binary search tree""",15,fa,https://fa.glosbe.com/en/fa/self-balancing%20binary%20search%20tree,self-balancing binary search tree - انگلیسی-فارسی واژه نامه,self-balancing binary search tree ترجمه در فرهنگ لغت انگلیسی -- فارسی در Glosbe ، دیکشنری آنلاین ، رایگان است. نمایش صفحه 1. یافت 0 احکام مطابق با عبارت self-balancing binary search tree.موجود در ۲ MS.حافظه های ترجمه شده توسط انسان ایجاد می...
"""Self-balancing binary search tree""",16,en,https://www.tutorialspoint.com/cplusplus-program-to-implement-self-balancing-binary-search-tree,C++ Program to Implement self Balancing Binary Search Tree,AVL tree is a self-balancing Binary Search Tree where the difference between heights of left and right subtrees cannot be more than one for all nodes. Begin class avl_tree to declare following functions: balance() = Balance the tree by getting balance factor. Put the difference in bal_factor.
"""Self-balancing binary search tree""",17,en,http://www.bookrags.com/Self-balancing_binary_search_tree/,Self-balancing binary search tree,"Immediately download the Self-balancing binary search tree summary, chapter-by-chapter analysis, book notes, essays, quotes, character descriptions, lesson plans, and more - everything you need for studying or teaching Everything you need to understand or teach Self-balancing binary search tree."
"""Self-balancing binary search tree""",18,en,https://subscription.packtpub.com/book/application_development/9781785889349/8/ch08lvl1sec42/self-balancing-binary-search-tree,Self-balancing binary search tree - Java 9 Data Structures and...,"A binary search tree that remains balanced to some extent when insertion and deletion is carried out is called a self-balancing binary search tree. To create a balanced version of an unbalanced tree, we use a peculiar operation called rotation . We will discuss rotation in the following section"
"""Self-balancing binary search tree""",19,en,http://www.java2s.com/example/java/data-structure/avl-tree-selfbalancing-binary-search-tree.html,"AVL tree, self-balancing binary search tree. - Java Data Structure","Search Tree. Given a binary tree, print out the nodes in order without using recursion. Managing Asynchronous Communication Server."
"""Self-balancing binary search tree""",20,en,https://wikivisually.com/wiki/Self-balancing_binary_search_tree,Self-balancing binary search tree - WikiVisually,"Self-balancing binary trees solve this problem by performing transformations on the tree (such as tree rotations) at key insertion times, in order to keep the height proportional to log2(n). Although a certain overhead is involved, it may be justified in the long run by ensuring fast execution of later operations."
"""Self-balancing binary search tree""",21,en,https://www.oreilly.com/library/view/java-9-data/9781785889349/ch08s02.html,Self-balancing binary search tree - Java 9 Data Structures and...,"A binary search tree that remains balanced to some extent when insertion and deletion is carried out is called a self-balancing binary search tree. To create a balanced version of an unbalanced tree, we use a peculiar operation called rotation. We will discuss rotation in the following section"
"""Self-balancing binary search tree""",22,en,https://enacademic.com/dic.nsf/enwiki/217309,Self-balancing binary search tree,"Self-balancing binary search trees can be used in a natural way to construct and maintain ordered lists, such as priority queues. Tree (data structure) — A simple unordered tree; in this diagram, the node labeled 7 has two children, labeled 2 and 6, and one parent, labeled 2. The root node, at the top..."
"""Self-balancing binary search tree""",23,en,http://flex4java.blogspot.com/2015/06/self-balancing-binary-search-tree.html,Self-balancing Binary Search Tree,"Before we go any further lets see what will happen if we insert sorted numbers into a regular Binary Search Tree (BST). Suppose we enter 10,20,30,40 and 50 in the same order. Then what we will get is a highly unbalanced BST: Actually it has become a linked list now."
"""Self-balancing binary search tree""",24,en,http://www.thefullwiki.org/Self-balancing_binary_search_tree,Self-balancing binary search tree - The Full Wiki,"Self-balancing binary trees solve this problem by performing transformations on the tree (such as tree rotations) at key times, in order to keep the height proportional to log2(n). Although a certain overhead is involved, it is justified in the long run by ensuring fast execution of later operations."
"""Self-balancing binary search tree""",25,en,https://answers.yahoo.com/question/index?qid=20130424124111AAhXN35,What is a self-balancing binary search tree? | Yahoo Answers,"Best Answer: A self balancing tree is a tree such that it rearranges the root node of the tree in order to keep the height of the tree as small as possible after each operation against the tree. Have you tried looking the other links presented on that Wikipedia page? Specifically, look into reading the text by..."
"""Binary number""",1,en,https://en.wikipedia.org/wiki/Binary_number,Binary number - Wikipedia,"In mathematics and digital electronics, a binary number is a number expressed in the base-2 numeral system or binary numeral system, which uses only two symbols: typically ""0"" (zero) and ""1"" (one)."
"""Binary number""",2,en,https://www.mathsisfun.com/binary-number-system.html,Binary Number System,A Binary Number is made up of only 0s and 1s. How do we Count using Binary? It is just like counting in decimal except we reach 10 much sooner.
"""Binary number""",3,en,https://www.rapidtables.com/convert/number/decimal-to-binary.html,Decimal to Binary converter | NUMBER CONVERSION,Decimal to binary number converter and how to convert. Binary Decimal Hexadecimal. Enter decimal number: 10. Convert. Reset. Swap. Binary number: 2.
"""Binary number""",4,en,https://www.encyclopedia.com/computing/news-wires-white-papers-and-books/binary-number-system,Binary Number System | Encyclopedia.com,"The binary number system, also called the base-2 number system, is a method of representing numbers that counts by Using binary numbers, 1 + 1 = 10 because ""2"" does not exist in this system."
"""Binary number""",5,en,https://byjus.com/maths/binary-number-system/,"Binary Number System - Notation, Table, Arithmetic Operations and...",Binary number system is one of the major number systems which are commonly used in computer applications. Learn decimal to binary representation and operations performed on binary numbers.
"""Binary number""",6,error,https://translate.academic.ru/binary%20number%20system/en/ru/,translate.academic.ru/binary number system/en/ru,
"""Binary number""",7,en,http://www.binarymath.info/binary-number-system.php,2019 - How the Binary Number System Works | Binary Math,"Binary numbers, as with decimal, octal, and hexadecimal numbers, can be represented in columns. To learn binary arithmetic, we first need to understand how number systems operate."
"""Binary number""",8,error,https://www.youtube.com/watch/5OBZYhJnne0,What is binary number system - YouTube,
"""Binary number""",9,en,https://www.thefreedictionary.com/binary+number+system,Binary number system - definition of binary number system by The...,binary number system. A method of representing numbers that has 2 as its base and uses only the Why do you think the binary number system was created? Most microprocessors are located on...
"""Binary number""",10,en,https://www.quora.com/What-is-binary-number-system?share=1,What is binary number system? - Quora,"The binary number system is a numbering system that represents numeric values using two unique digits (0 and Invented by: Modern binary number system is credited to Gottfried Leibniz in 1679, a..."
"""Binary number""",11,en,http://decimal-to-binary.com/addition-of-binary-numbers-online.html,ADDITION OF BINARY NUMBERS ONLINE | Decimal to Binary...,"To enter a fractional binary number, you can use a dot or comma. After entering the numbers, and select the mathematical operation to calculate the click button on them."
"""Binary number""",12,en,https://www.geeksforgeeks.org/convert-decimal-fraction-binary-number/,Convert decimal fraction to binary number - GeeksforGeeks,Equivalent binary number would be reverse of all remainders of step 1. Multiply the fractional decimal number by 2. Integral part of resultant decimal number will be first digit of fraction binary...
"""Binary number""",13,en,https://www.dictionary.com/browse/binary--number,Binary number | Definition of Binary number at Dictionary.com,"Binary number definition, consisting of, indicating, or involving two. of or relating to a system of numerical notation to the base 2, in which each place of a number, expressed as 0 or 1, corresponds..."
"""Binary number""",14,en,https://www.definitions.net/definition/binary+number,What does binary number mean?,Definition of binary number in the Definitions.net dictionary. Information and translations of binary number in the most comprehensive dictionary definitions resource on the web.
"""Binary number""",15,en,https://www.britannica.com/science/binary-number-system,binary number system | Definition & Facts | Britannica.com,"Binary number system, positional numeral system employing 2 as the base and so requiring only two symbols for its digits, 0 and { ""65540"": { ""url"": ""/science/binary-number-system"", ""shareUrl"": ""https..."
"""Binary number""",16,en,https://studylib.net/doc/9050611/binary-number-system,Binary Number System,Introduction to Number System Binary Number System Most modern computer systems (including the IBM PC) operate using binary logic. The computer represents values using two voltage levels (usually...
"""Binary number""",17,en,https://www.electrical4u.com/binary-number-system-binary-to-decimal-and-decimal-to-binary-conversion/,Binary Number System | Binary to Decimal and Decimal... | Electrical4U,Binary number system was introduced by an Indian- scholar Pingala in around 5th -2nd centuries in Binary number system has the base (or radix) 2 and the numbers in this system are formed with two...
"""Binary number""",18,en,https://www.wikihow.com/Divide-Binary-Numbers,How to Divide Binary Numbers: 13 Steps (with Pictures) - wikiHow,"Binary division problems can be solved using long division, which is a useful method for teaching the process to yourself or writing a simple computer program."
"""Binary number""",19,en,https://www.electronics-tutorials.ws/binary/bin_1.html,Binary Numbers and the Binary Number System,Electronics Tutorial about Binary Numbers the Binary Number System and Binary Addition used in Digital Electronics Circuits.
"""Binary number""",20,en,https://www.c64-wiki.com/wiki/Binary_Number,Binary Number - C64-Wiki,"The binary number is a value system and a special code for computers, which contains only the two numbers 0 (power off) and 1 (power on). A binary number also values of the basis 2. The construction of the decimal number 2 needs two positions, because 0 and 1 are for the decimal numbers 0 and 1..."
"""Binary number""",21,en,https://www.tutorvista.com/math/binary-number-table,Binary Number Table | TutorVista,Introduction to binary number table: Binary number system uses 2 as the base just as 10 serves as the base in the decimal system. A number system with base n for any given number n will have a set...
"""Binary number""",22,en,https://kids.kiddle.co/Binary_number,Binary number Facts for Kids,"The binary numeral system is a way to write numbers using only two digits: 0 and 1. These are used in computers as a series of ""off"" and ""on"" switches. In binary, each digit's place value is twice as much as that of the next digit to the right (since each digit holds two values)."
"""Binary number""",23,en,https://pythonspot.com/binary-numbers-and-logical-operators/,Binary numbers and logical operators - Python Tutorial,Logical operations with binary numbers. Binary Left Shift and Binary Right Shift Multiplication by a factor two and division by a factor of two is very easy in binary. We simply shift the bits left or right.
"""Binary number""",24,en,http://www.steves-internet-guide.com/binary-numbers-explained/,Understanding Binary Numbers for Beginners,"Binary 101 - What You will Learn The Basics of Number Bases -Base 10, Base 2 and Base 16 How to convert binary to decimal and vice versa Before we learn about the binary number system we will look in more detail at our normal..."
"""Binary number""",25,en,https://electronicscoach.com/binary-number-system.html,What is Binary Number System? - Conversion... - Electronics Coach,"Binary Number System comprises of two digits 0 & 1, thus, the base of the binary number system is 2. Thus, it is called as a base-2 system. It is much easier and simpler than decimal number system..."
